{"cameraMode":{"drawMode":0,"name":"Shaded","section":"Shading Mode"},"sceneLighting":false,"audioPlay":false,"sceneViewState":{"showFog":true,"showMaterialUpdate":false,"showSkybox":true,"showFlares":true,"showImageEffects":true,"showParticleSystems":true},"in2DMode":false,"pivot":{"x":11.516252517700196,"y":2.17073130607605,"z":-0.8179835081100464},"rotation":{"x":-0.10532545298337937,"y":-0.6332783102989197,"z":0.08756273239850998,"w":-0.7617073059082031},"size":9.898334503173829,"orthographic":false}