{"cameraMode":{"drawMode":0,"name":"Shaded","section":"Shading Mode"},"sceneLighting":false,"audioPlay":false,"sceneViewState":{"showFog":true,"showMaterialUpdate":false,"showSkybox":true,"showFlares":true,"showImageEffects":true,"showParticleSystems":true},"in2DMode":false,"pivot":{"x":0.38000068068504336,"y":1.3546183109283448,"z":-12.323410987854004},"rotation":{"x":0.3388747274875641,"y":0.029629504308104516,"z":-0.010674883611500264,"w":0.9403042793273926},"size":9.585700035095215,"orthographic":false}