{"cameraMode":{"drawMode":0,"name":"Shaded","section":"Shading Mode"},"sceneLighting":false,"audioPlay":false,"sceneViewState":{"showFog":true,"showMaterialUpdate":false,"showSkybox":true,"showFlares":true,"showImageEffects":true,"showParticleSystems":true},"in2DMode":false,"pivot":{"x":1.476966381072998,"y":-3.780275344848633,"z":-4.652470588684082},"rotation":{"x":0.4767165184020996,"y":0.5222995281219482,"z":-0.477288156747818,"w":0.521670937538147},"size":32.39883041381836,"orthographic":false}