{"cameraMode":{"drawMode":0,"name":"Shaded","section":"Shading Mode"},"sceneLighting":false,"audioPlay":false,"sceneViewState":{"showFog":true,"showMaterialUpdate":false,"showSkybox":true,"showFlares":true,"showImageEffects":true,"showParticleSystems":true},"in2DMode":false,"pivot":{"x":0.6100000143051148,"y":2.3546183109283449,"z":-11.546588897705079},"rotation":{"x":0.3388747274875641,"y":0.029629504308104516,"z":-0.010674883611500264,"w":0.9403042793273926},"size":6.448739528656006,"orthographic":false}