{"cameraMode":{"drawMode":0,"name":"Shaded","section":"Shading Mode"},"sceneLighting":false,"audioPlay":false,"sceneViewState":{"showFog":true,"showMaterialUpdate":false,"showSkybox":true,"showFlares":true,"showImageEffects":true,"showParticleSystems":true},"in2DMode":false,"pivot":{"x":-0.01999935507774353,"y":2.3546183109283449,"z":6.676589012145996},"rotation":{"x":0.1443764865398407,"y":0.014841742813587189,"z":-0.002162654185667634,"w":0.9894091486930847},"size":44.3328857421875,"orthographic":false}